{
  "projectName": "Syrah Starter: Pattern Library",
  "$schema": "./node_modules/@meetdomaine/tailwind-syrah/schemas/07-2024.json",
  "Color": {
    "Foreground": {
      "r": 0.16862745583057404,
      "g": 0.15294118225574493,
      "b": 0.15294118225574493,
      "a": 1
    },
    "Foreground Inverse": {
      "r": 1,
      "g": 1,
      "b": 1,
      "a": 1
    },
    "Foreground Secondary": {
      "r": 0.4431372582912445,
      "g": 0.4431372582912445,
      "b": 0.4431372582912445,
      "a": 1
    },
    "Foreground Secondary Inverse": {
      "r": 0.9647058844566345,
      "g": 0.929411768913269,
      "b": 0.8784313797950745,
      "a": 1
    },
    "Background": {
      "r": 0.9647058844566345,
      "g": 0.929411768913269,
      "b": 0.8784313797950745,
      "a": 1
    },
    "Background Inverse": {
      "r": 0.16862745583057404,
      "g": 0.15294118225574493,
      "b": 0.15294118225574493,
      "a": 1
    },
    "Background Secondary": {
      "r": 1,
      "g": 1,
      "b": 1,
      "a": 1
    },
    "Background Secondary Inverse": {
      "r": 0.7019608020782471,
      "g": 0.6980392336845398,
      "b": 0.6941176652908325,
      "a": 1
    },
    "Background Tertiary": {
      "r": 0.9960784316062927,
      "g": 0.9647058844566345,
      "b": 0.9215686321258545,
      "a": 1
    },
    "Background Tertiary Inverse": {
      "r": 0.4431372582912445,
      "g": 0.4431372582912445,
      "b": 0.4431372582912445,
      "a": 1
    },
    "Border 01": {
      "r": 0.7019608020782471,
      "g": 0.6980392336845398,
      "b": 0.6941176652908325,
      "a": 1
    },
    "Border 01 Inverse": {
      "r": 0.4431372582912445,
      "g": 0.4431372582912445,
      "b": 0.4431372582912445,
      "a": 1
    },
    "Disabled": {
      "r": 0.7019608020782471,
      "g": 0.6980392336845398,
      "b": 0.6941176652908325,
      "a": 1
    },
    "Disabled Inverse": {
      "r": 0.4431372582912445,
      "g": 0.4431372582912445,
      "b": 0.4431372582912445,
      "a": 1
    },
    "Accent 01": {
      "r": 0.6722493767738342,
      "g": 0.283551961183548,
      "b": 0.14220742881298065,
      "a": 1
    },
    "Accent 01 Inverse": {
      "r": 0.6722493767738342,
      "g": 0.283551961183548,
      "b": 0.14220742881298065,
      "a": 1
    },
    "Accent 02": {
      "r": 0.6722493767738342,
      "g": 0.283551961183548,
      "b": 0.14220742881298065,
      "a": 1
    },
    "Accent 02 Inverse": {
      "r": 0.6722493767738342,
      "g": 0.283551961183548,
      "b": 0.14220742881298065,
      "a": 1
    },
    "Border 02": {
      "r": 0.7019608020782471,
      "g": 0.6980392336845398,
      "b": 0.6941176652908325,
      "a": 1
    },
    "Border 02 Inverse": {
      "r": 0.4431372582912445,
      "g": 0.4431372582912445,
      "b": 0.4431372582912445,
      "a": 1
    },
    "Link": {
      "r": 0.16862745583057404,
      "g": 0.15294118225574493,
      "b": 0.15294118225574493,
      "a": 1
    },
    "Link Inverse": {
      "r": 1,
      "g": 1,
      "b": 1,
      "a": 1
    },
    "Focus": {
      "r": 0.22979965806007385,
      "g": 0.32030773162841797,
      "b": 0.9086100459098816,
      "a": 1
    },
    "Danger": {
      "r": 0.8538411259651184,
      "g": 0.09241607785224915,
      "b": 0.09241607785224915,
      "a": 1
    },
    "Yellow": {
      "r": 1,
      "g": 0.9058823585510254,
      "b": 0.7137255072593689,
      "a": 1
    },
    "Grey 300": {
      "r": 0.7019608020782471,
      "g": 0.6980392336845398,
      "b": 0.6941176652908325,
      "a": 1
    },
    "Blue": {
      "r": 0.22979965806007385,
      "g": 0.32030773162841797,
      "b": 0.9086100459098816,
      "a": 1
    },
    "White": {
      "r": 1,
      "g": 1,
      "b": 1,
      "a": 1
    },
    "Grey 500": {
      "r": 0.4431372582912445,
      "g": 0.4431372582912445,
      "b": 0.4431372582912445,
      "a": 1
    },
    "Grey 100": {
      "r": 0.9647058844566345,
      "g": 0.929411768913269,
      "b": 0.8784313797950745,
      "a": 1
    },
    "Orange": {
      "r": 0.6722493767738342,
      "g": 0.283551961183548,
      "b": 0.14220742881298065,
      "a": 1
    },
    "Grey 200": {
      "r": 0.9960784316062927,
      "g": 0.9647058844566345,
      "b": 0.9215686321258545,
      "a": 1
    },
    "Grey 600": {
      "r": 0.16862745583057404,
      "g": 0.15294118225574493,
      "b": 0.15294118225574493,
      "a": 1
    },
    "Light Blue": {
      "r": 0.8235294222831726,
      "g": 0.9333333373069763,
      "b": 0.9882352948188782,
      "a": 1
    },
    "Black": {
      "r": 0,
      "g": 0,
      "b": 0,
      "a": 1
    },
    "Grey 400": {
      "r": 0.4431372582912445,
      "g": 0.4431372582912445,
      "b": 0.4431372582912445,
      "a": 1
    }
  },
  "Typography": {
    "Heading 1/Desktop": {
      "fontSize": 80,
      "fontName": {
        "family": "GT Alpina",
        "style": "Regular"
      },
      "letterSpacing": {
        "unit": "PERCENT",
        "value": -4
      },
      "lineHeight": {
        "unit": "PERCENT",
        "value": 89.99999761581421
      },
      "paragraphIndent": 0,
      "paragraphSpacing": 64,
      "textCase": "ORIGINAL",
      "textDecoration": "NONE"
    },
    "Heading 1/Mobile": {
      "fontSize": 46,
      "fontName": {
        "family": "GT Alpina",
        "style": "Regular"
      },
      "letterSpacing": {
        "unit": "PERCENT",
        "value": -4
      },
      "lineHeight": {
        "unit": "PERCENT",
        "value": 89.99999761581421
      },
      "paragraphIndent": 0,
      "paragraphSpacing": 64,
      "textCase": "ORIGINAL",
      "textDecoration": "NONE"
    },
    "Heading 2/Desktop": {
      "fontSize": 56,
      "fontName": {
        "family": "GT Alpina",
        "style": "Regular"
      },
      "letterSpacing": {
        "unit": "PERCENT",
        "value": -4
      },
      "lineHeight": {
        "unit": "PERCENT",
        "value": 94.9999988079071
      },
      "paragraphIndent": 0,
      "paragraphSpacing": 48,
      "textCase": "ORIGINAL",
      "textDecoration": "NONE"
    },
    "Heading 2/Mobile": {
      "fontSize": 38,
      "fontName": {
        "family": "GT Alpina",
        "style": "Regular"
      },
      "letterSpacing": {
        "unit": "PERCENT",
        "value": -4
      },
      "lineHeight": {
        "unit": "PERCENT",
        "value": 94.9999988079071
      },
      "paragraphIndent": 0,
      "paragraphSpacing": 48,
      "textCase": "ORIGINAL",
      "textDecoration": "NONE"
    },
    "Heading 3/Desktop": {
      "fontSize": 42,
      "fontName": {
        "family": "GT Alpina",
        "style": "Regular"
      },
      "letterSpacing": {
        "unit": "PERCENT",
        "value": -4
      },
      "lineHeight": {
        "unit": "PERCENT",
        "value": 110.00000238418579
      },
      "paragraphIndent": 0,
      "paragraphSpacing": 40,
      "textCase": "ORIGINAL",
      "textDecoration": "NONE"
    },
    "Heading 3/Mobile": {
      "fontSize": 32,
      "fontName": {
        "family": "GT Alpina",
        "style": "Regular"
      },
      "letterSpacing": {
        "unit": "PERCENT",
        "value": -4
      },
      "lineHeight": {
        "unit": "PERCENT",
        "value": 110.00000238418579
      },
      "paragraphIndent": 0,
      "paragraphSpacing": 40,
      "textCase": "ORIGINAL",
      "textDecoration": "NONE"
    },
    "Heading 4/Desktop": {
      "fontSize": 32,
      "fontName": {
        "family": "GT Alpina",
        "style": "Regular"
      },
      "letterSpacing": {
        "unit": "PERCENT",
        "value": -4
      },
      "lineHeight": {
        "unit": "PERCENT",
        "value": 120.00000476837158
      },
      "paragraphIndent": 0,
      "paragraphSpacing": 32,
      "textCase": "ORIGINAL",
      "textDecoration": "NONE"
    },
    "Heading 4/Mobile": {
      "fontSize": 26,
      "fontName": {
        "family": "GT Alpina",
        "style": "Regular"
      },